-- phpMyAdmin SQL Dump
-- version 4.8.5
-- https://www.phpmyadmin.net/
--
-- Host: localhost:3306
-- Generation Time: Oct 19, 2019 at 08:49 AM
-- Server version: 10.1.41-MariaDB
-- PHP Version: 7.2.7

SET SQL_MODE = "NO_AUTO_VALUE_ON_ZERO";
SET AUTOCOMMIT = 0;
START TRANSACTION;
SET time_zone = "+00:00";


/*!40101 SET @OLD_CHARACTER_SET_CLIENT=@@CHARACTER_SET_CLIENT */;
/*!40101 SET @OLD_CHARACTER_SET_RESULTS=@@CHARACTER_SET_RESULTS */;
/*!40101 SET @OLD_COLLATION_CONNECTION=@@COLLATION_CONNECTION */;
/*!40101 SET NAMES utf8mb4 */;

--
-- Database: `anmnlcom_it008`
--

-- --------------------------------------------------------

--
-- Table structure for table `conversation`
--

CREATE TABLE `conversation` (
  `conversation_id` int(10) UNSIGNED NOT NULL,
  `last_message_id` int(10) UNSIGNED NOT NULL
) ENGINE=InnoDB DEFAULT CHARSET=latin1;

--
-- Dumping data for table `conversation`
--

INSERT INTO `conversation` (`conversation_id`, `last_message_id`) VALUES
(1, 1),
(3, 5);

-- --------------------------------------------------------

--
-- Table structure for table `conversation_message`
--

CREATE TABLE `conversation_message` (
  `message_id` int(10) UNSIGNED NOT NULL,
  `conversation_id` int(10) UNSIGNED NOT NULL,
  `user_id` int(10) UNSIGNED NOT NULL,
  `message` longtext NOT NULL,
  `image` varchar(255) NOT NULL,
  `sticker` varchar(15) NOT NULL,
  `message_type` int(2) NOT NULL,
  `time` datetime NOT NULL
) ENGINE=InnoDB DEFAULT CHARSET=latin1;

--
-- Dumping data for table `conversation_message`
--

INSERT INTO `conversation_message` (`message_id`, `conversation_id`, `user_id`, `message`, `image`, `sticker`, `message_type`, `time`) VALUES
(1, 1, 1, 'Hello Ngoc Thinh oi', '', '', 0, '2019-09-16 05:12:12'),
(2, 1, 2, 'Hello Toan', '', '', 0, '2019-09-18 09:23:35'),
(4, 3, 2, 'dang lam gi do', '', '', 0, '0000-00-00 00:00:00'),
(5, 3, 3, 'dang an com', '', '', 0, '0000-00-00 00:00:00'),
(6, 1, 1, 'gi do', '', '', 0, '1970-01-01 12:00:00'),
(7, 1, 2, 'ko co gi hehe', '', '', 0, '1970-01-01 12:00:00'),
(8, 1, 2, 'aaaa', '', '', 0, '1970-01-01 12:00:00'),
(9, 1, 1, 'mot', '', '', 0, '1970-01-01 12:00:00'),
(10, 1, 2, '', '', '', 0, '1970-01-01 12:00:00'),
(11, 1, 1, '', '', '', 0, '1970-01-01 12:00:00'),
(12, 1, 2, '', '', '', 0, '1970-01-01 12:00:00'),
(13, 1, 1, 'chan ge a', '', '', 0, '1970-01-01 12:00:00'),
(14, 1, 1, 'troi oi', '', '', 0, '1970-01-01 12:00:00'),
(15, 1, 1, 'bun', '', '', 0, '1970-01-01 12:00:00'),
(16, 1, 1, 'a', '', '', 0, '1970-01-01 12:00:00'),
(17, 1, 1, 'x', '', '', 0, '1970-01-01 12:00:00'),
(18, 1, 1, 'z', '', '', 0, '1970-01-01 12:00:00'),
(19, 1, 1, 'a', '', '', 0, '1970-01-01 12:00:00'),
(20, 1, 1, '1', '', '', 0, '1970-01-01 12:00:00'),
(21, 1, 1, '2', '', '', 0, '1970-01-01 12:00:00'),
(22, 1, 1, '4', '', '', 0, '1970-01-01 12:00:00'),
(23, 1, 1, '5', '', '', 0, '1970-01-01 12:00:00'),
(24, 1, 1, '6', '', '', 0, '1970-01-01 12:00:00'),
(25, 1, 1, '3', '', '', 0, '1970-01-01 12:00:00'),
(26, 1, 1, '7', '', '', 0, '1970-01-01 12:00:00'),
(27, 1, 1, '8', '', '', 0, '1970-01-01 12:00:00'),
(28, 1, 1, '9', '', '', 0, '1970-01-01 12:00:00'),
(29, 1, 1, '0', '', '', 0, '1970-01-01 12:00:00'),
(30, 1, 1, 'ta ne', '', '', 0, '1970-01-01 12:00:00'),
(31, 1, 1, 'hehe', '', '', 0, '1970-01-01 12:00:00'),
(32, 1, 1, 'okok', '', '', 0, '1970-01-01 12:00:00'),
(33, 1, 2, 'aazz', '', '', 0, '1970-01-01 12:00:00'),
(34, 1, 1, 'helllo', '', '', 0, '1970-01-01 12:00:00'),
(35, 1, 1, 'cai gi v', '', '', 0, '1970-01-01 12:00:00'),
(36, 1, 1, 'e ku', '', '', 0, '1970-01-01 12:00:00'),
(37, 1, 1, 'hello Thinh', '', '', 0, '1970-01-01 12:00:00'),
(38, 1, 1, 'hi Thinh', '', '', 0, '1970-01-01 12:00:00'),
(39, 1, 2, 'gi m', '', '', 0, '1970-01-01 12:00:00'),
(40, 1, 2, 'vc', '', '', 0, '1970-01-01 12:00:00'),
(41, 1, 2, '@@@@', '', '', 0, '1970-01-01 12:00:00'),
(42, 1, 2, 'chanacasnkacnaknc', '', '', 0, '1970-01-01 12:00:00'),
(43, 1, 1, '123', '', '', 0, '1970-01-01 12:00:00'),
(44, 1, 2, 'vc', '', '', 0, '1970-01-01 12:00:00'),
(45, 1, 2, '8990809', '', '', 0, '1970-01-01 12:00:00'),
(46, 1, 2, 'nmnmbbnmbb', '', '', 0, '1970-01-01 12:00:00'),
(47, 1, 1, 'zxc', '', '', 0, '1970-01-01 12:00:00'),
(48, 1, 1, 'zxc', '', '', 0, '1970-01-01 12:00:00'),
(49, 1, 1, 'zcxc', '', '', 0, '1970-01-01 12:00:00'),
(50, 1, 1, 'xzc', '', '', 0, '1970-01-01 12:00:00'),
(51, 1, 1, 'sc', '', '', 0, '1970-01-01 12:00:00'),
(52, 1, 1, 'cwc', '', '', 0, '1970-01-01 12:00:00'),
(53, 1, 2, 'jkbkjbjkbjbjkb', '', '', 0, '1970-01-01 12:00:00'),
(54, 1, 2, '2131331', '', '', 0, '1970-01-01 12:00:00'),
(55, 1, 1, '21313', '', '', 0, '1970-01-01 12:00:00'),
(56, 1, 1, 'e m', '', '', 0, '1970-01-01 12:00:00'),
(57, 1, 2, 'gi ba', '', '', 0, '1970-01-01 12:00:00'),
(58, 1, 2, 'hello', '', '', 0, '1970-01-01 12:00:00'),
(59, 1, 2, 'azinomoto', '', '', 0, '1970-01-01 12:00:00'),
(60, 1, 1, 'hehe', '', '', 0, '1970-01-01 12:00:00'),
(61, 1, 1, 'vc', '', '', 0, '1970-01-01 12:00:00'),
(62, 1, 2, 'thinh ne', '', '', 0, '1970-01-01 12:00:00'),
(63, 1, 1, 'toan ne', '', '', 0, '1970-01-01 12:00:00'),
(64, 1, 1, 'e', '', '', 0, '1970-01-01 12:00:00'),
(65, 1, 2, 'gi ba', '', '', 0, '1970-01-01 12:00:00'),
(66, 1, 2, 'chan m ge do', '', '', 0, '1970-01-01 12:00:00'),
(67, 1, 1, 'sao', '', '', 0, '1970-01-01 12:00:00'),
(68, 1, 1, 'sao', '', '', 0, '1970-01-01 12:00:00'),
(69, 1, 1, 'sao', '', '', 0, '2019-10-17 10:25:26'),
(70, 1, 1, 'sao', '', '', 0, '2019-10-17 05:26:33'),
(71, 1, 1, 'sao', '', '', 0, '2019-10-17 05:26:35'),
(72, 1, 1, 'hehe', '', '', 0, '0000-00-00 00:00:00'),
(73, 1, 1, 'czccc', '', '', 0, '2019-10-17 05:28:28'),
(74, 1, 1, '2kwndjkwndkncsanlcnascnasklcnkasnckasnkcnascnklsancsaklcnasklcnkalsncklasnckasnkclnaslkcnasncnascnklasncnasklcnasc', '', '', 0, '2019-10-17 05:51:30'),
(75, 1, 1, 'cncjsncaskcnaskcnkaslcnakcnklacnklanckasncknckncklsnc', '', '', 0, '2019-10-17 05:52:46'),
(76, 1, 1, 'acsacac', '', '', 0, '2019-10-17 05:52:50'),
(77, 1, 1, 'csacac', '', '', 0, '2019-10-17 05:52:51'),
(78, 1, 1, 'sacsacasc', '', '', 0, '2019-10-17 05:52:52'),
(79, 1, 1, 'ascasc', '', '', 0, '2019-10-17 05:52:53'),
(80, 1, 1, 'acascascsac', '', '', 0, '2019-10-17 05:52:53'),
(81, 1, 1, 'cacaca', '', '', 0, '2019-10-17 05:52:54'),
(82, 1, 1, 'x', '', '', 0, '2019-10-17 06:22:54'),
(83, 1, 1, 'd', '', '', 0, '2019-10-17 06:22:56'),
(84, 1, 1, 'sdasdada', '', '', 0, '2019-10-17 06:22:57'),
(85, 1, 1, 'dsadasdasd', '', '', 0, '2019-10-17 06:22:57'),
(86, 1, 1, 'sadasdasd', '', '', 0, '2019-10-17 06:22:58'),
(87, 1, 1, 'asdasdas', '', '', 0, '2019-10-17 06:22:59'),
(88, 1, 1, 'asdasd', '', '', 0, '2019-10-17 06:22:59'),
(89, 1, 1, 'adad', '', '', 0, '2019-10-17 06:23:00'),
(90, 1, 1, 'sadas', '', '', 0, '2019-10-17 06:23:00'),
(91, 1, 1, 'ad', '', '', 0, '2019-10-17 06:23:01'),
(92, 1, 1, 'x', '', '', 0, '2019-10-17 06:23:02'),
(93, 1, 1, 'x', '', '', 0, '2019-10-17 06:23:02'),
(94, 1, 1, 'x', '', '', 0, '2019-10-17 06:23:02'),
(95, 1, 1, 'zczczxcc', '', '', 0, '2019-10-17 06:23:04'),
(96, 1, 1, 'cxxzcxzczxc', '', '', 0, '2019-10-17 06:23:04'),
(97, 1, 1, 'czxczxczxczx', '', '', 0, '2019-10-17 06:23:05'),
(98, 1, 1, 'csdcssakcsacklasncsankcnscnkscnsnklcs naclasc', '', '', 0, '2019-10-17 06:23:14'),
(99, 1, 1, '12345678901234567890', '', '', 0, '2019-10-17 06:23:22'),
(100, 1, 1, '123', '', '', 0, '2019-10-17 06:25:58'),
(101, 1, 1, '1232313', '', '', 0, '2019-10-17 06:26:00'),
(102, 1, 1, 'axkasxksank', '', '', 0, '2019-10-17 06:26:24'),
(103, 1, 1, '`', '', '', 0, '2019-10-17 06:28:50'),
(104, 1, 1, '1', '', '', 0, '2019-10-17 06:28:51'),
(105, 1, 1, '234', '', '', 0, '2019-10-17 06:31:53'),
(106, 1, 1, '2344', '', '', 0, '2019-10-17 06:32:11'),
(107, 1, 1, '3244234434', '', '', 0, '2019-10-17 06:32:12'),
(108, 1, 1, '42342342', '', '', 0, '2019-10-17 06:32:13'),
(109, 1, 1, '3242342342', '', '', 0, '2019-10-17 06:32:14'),
(110, 1, 1, '324324234', '', '', 0, '2019-10-17 06:32:14'),
(111, 1, 1, '234234234', '', '', 0, '2019-10-17 06:32:15'),
(112, 1, 1, '23423423', '', '', 0, '2019-10-17 06:32:15'),
(113, 1, 1, '23424', '', '', 0, '2019-10-17 06:32:16'),
(114, 1, 1, '2342423', '', '', 0, '2019-10-17 06:32:16'),
(115, 1, 1, '123', '', '', 0, '2019-10-17 06:33:39'),
(116, 1, 1, '1323123', '', '', 0, '2019-10-17 06:33:41'),
(117, 1, 1, '13213213', '', '', 0, '2019-10-17 06:33:42'),
(118, 1, 1, '1313', '', '', 0, '2019-10-17 06:33:42'),
(119, 1, 1, '21323231231231231231231', '', '', 0, '2019-10-17 06:33:43'),
(120, 1, 1, '3231111111111111111119028421111111111111111112940128498204182094819048910248901284184981491489012489124891284091824908190481290801819848194819418490184901284901284', '', '', 0, '2019-10-17 06:34:43'),
(121, 1, 1, '1232139033923898938', '', '', 0, '2019-10-17 06:34:56'),
(122, 1, 1, '0', '', '', 0, '2019-10-17 06:36:20'),
(123, 1, 1, '9089809808', '', '', 0, '2019-10-17 06:36:23'),
(124, 1, 1, '09876543567890o9876546789o0987654567890-098765', '', '', 0, '2019-10-17 06:36:28'),
(125, 1, 1, '1', '', '', 0, '2019-10-17 06:37:57'),
(126, 1, 1, '', '', '', 0, '2019-10-17 06:37:59'),
(127, 1, 1, '', '', '', 0, '2019-10-17 06:38:00'),
(128, 1, 1, '', '', '', 0, '2019-10-17 06:38:00'),
(129, 1, 1, '', '', '', 0, '2019-10-17 06:38:00'),
(130, 1, 1, '', '', '', 0, '2019-10-17 06:38:00'),
(131, 1, 1, '1', '', '', 0, '2019-10-17 06:38:01'),
(132, 1, 1, '1', '', '', 0, '2019-10-17 06:38:02'),
(133, 1, 1, '1', '', '', 0, '2019-10-17 06:38:02'),
(134, 1, 1, '1', '', '', 0, '2019-10-17 06:38:03'),
(135, 1, 1, '1', '', '', 0, '2019-10-17 06:38:03'),
(136, 1, 1, '1', '', '', 0, '2019-10-17 06:38:03'),
(137, 1, 1, '23456789098765432345678', '', '', 0, '2019-10-17 06:39:05'),
(138, 1, 1, '123', '', '', 0, '2019-10-17 06:39:56'),
(139, 1, 1, '21345675432134', '', '', 0, '2019-10-17 06:39:58'),
(140, 1, 1, '2143457832910847590378567249037', '', '', 0, '2019-10-17 06:40:01'),
(141, 1, 1, 'haha', '', '', 0, '2019-10-17 06:40:34'),
(142, 1, 1, '9', '', '', 0, '2019-10-17 06:41:52'),
(143, 1, 1, '8', '', '', 0, '2019-10-17 06:41:54'),
(144, 1, 1, '6', '', '', 0, '2019-10-17 06:41:55'),
(145, 1, 1, '1234', '', '', 0, '2019-10-17 06:41:57'),
(146, 1, 1, '123456789', '', '', 0, '2019-10-17 06:41:58'),
(147, 1, 1, '123', '', '', 0, '2019-10-17 06:42:44'),
(148, 1, 1, '1', '', '', 0, '2019-10-17 06:42:45'),
(149, 1, 1, '1', '', '', 0, '2019-10-17 06:44:18'),
(150, 1, 1, '121233', '', '', 0, '2019-10-17 06:44:19'),
(151, 1, 1, '8098098', '', '', 0, '2019-10-17 06:44:54'),
(152, 1, 1, 'hihih', '', '', 0, '2019-10-17 06:45:19'),
(153, 1, 1, '123456789012345678901234567890123456789012345678901234567890123456789012345678901234567890', '', '', 0, '2019-10-17 06:46:21'),
(154, 1, 1, '1234567890123456789012345678901234567890123456789012345678901234567890123456789012345678901234567890123456789012345678901234567890123456789012345678901234567890123456789012345678901234567890', '', '', 0, '2019-10-17 06:46:25'),
(155, 1, 1, 'fwfve', '', '', 0, '2019-10-17 06:46:30'),
(156, 1, 1, '123', '', '', 0, '2019-10-17 06:47:09'),
(157, 1, 1, '1', '', '', 0, '2019-10-17 06:50:40'),
(158, 1, 1, '243567854321', '', '', 0, '2019-10-17 06:50:43'),
(159, 1, 1, '123', '', '', 0, '2019-10-17 06:54:39'),
(160, 1, 1, 'kjkjlj', '', '', 0, '2019-10-17 07:12:06'),
(161, 1, 1, 'hdsHD', '', '', 0, '2019-10-17 07:12:11'),
(162, 1, 1, 'DASd', '', '', 0, '2019-10-17 07:12:13'),
(163, 1, 1, 'dafs', '', '', 0, '2019-10-17 07:12:16'),
(164, 1, 1, 'asFDF', '', '', 0, '2019-10-17 07:12:17'),
(165, 1, 1, 'ASdf', '', '', 0, '2019-10-17 07:12:17'),
(166, 1, 1, 'adfS', '', '', 0, '2019-10-17 07:12:18'),
(167, 1, 1, 'FASfq', '', '', 0, '2019-10-17 07:12:19'),
(168, 1, 1, '', '', '', 0, '2019-10-17 07:12:19'),
(169, 1, 1, '', '', '', 0, '2019-10-17 07:12:19'),
(170, 1, 1, '87', '', '', 0, '2019-10-17 07:14:54'),
(171, 1, 1, '12132931823190381283123813801231093819031823812', '', '', 0, '2019-10-17 07:18:12'),
(172, 1, 1, '3131233', '', '', 0, '2019-10-17 07:18:19'),
(173, 1, 1, '13123', '', '', 0, '2019-10-17 07:18:20'),
(174, 1, 1, '213123', '', '', 0, '2019-10-17 07:18:21'),
(175, 1, 1, '12312312', '', '', 0, '2019-10-17 07:18:21'),
(176, 1, 1, '3', '', '', 0, '2019-10-17 07:18:26'),
(177, 1, 1, '98', '', '', 0, '2019-10-17 07:18:28'),
(178, 1, 1, 'uhdkwfhq', '', '', 0, '2019-10-17 07:18:36'),
(179, 1, 1, 'ghjghjgjhgjkgjhkbjhjbhjgmnvghjghg', '', '', 0, '2019-10-17 07:18:44'),
(180, 1, 1, '09876', '', '', 0, '2019-10-17 07:18:48'),
(181, 1, 1, '1234567890', '', '', 0, '2019-10-17 07:18:55'),
(182, 1, 1, '12345678901234567890', '', '', 0, '2019-10-17 07:18:58'),
(183, 1, 1, '12345678901', '', '', 0, '2019-10-17 07:19:01'),
(184, 1, 1, 'asdad', '', '', 0, '2019-10-17 07:22:35'),
(185, 1, 1, 'saddasdsadadaddadad', '', '', 0, '2019-10-17 07:22:37'),
(186, 1, 1, 'dasdasdadadadsadsadasdasd', '', '', 0, '2019-10-17 07:22:39'),
(187, 1, 1, 'e891891280128381231212214124', '', '', 0, '2019-10-17 07:24:26'),
(188, 1, 1, '412124123131231231231233123123123123123', '', '', 0, '2019-10-17 07:24:28'),
(189, 1, 1, '123444444444444444444444444444444444444444', '', '', 0, '2019-10-17 07:24:33'),
(190, 1, 1, '213', '', '', 0, '2019-10-17 07:30:13'),
(191, 1, 1, '123', '', '', 0, '2019-10-17 07:30:14'),
(192, 1, 1, '123', '', '', 0, '2019-10-17 07:30:15'),
(193, 1, 1, '13', '', '', 0, '2019-10-17 07:30:15'),
(194, 1, 1, '123', '', '', 0, '2019-10-17 07:30:16'),
(195, 1, 1, '123', '', '', 0, '2019-10-17 07:30:16'),
(196, 1, 1, '123', '', '', 0, '2019-10-17 07:30:16'),
(197, 1, 1, '8', '', '', 0, '2019-10-17 07:32:14'),
(198, 1, 1, '1', '', '', 0, '2019-10-17 07:33:21'),
(199, 1, 1, '12324144', '', '', 0, '2019-10-17 07:33:46'),
(200, 1, 1, '1424424444341244442144', '', '', 0, '2019-10-17 07:33:49'),
(201, 1, 1, '412424141421414141243424214214214124214424', '', '', 0, '2019-10-17 07:33:52'),
(202, 1, 1, '12313', '', '', 0, '2019-10-17 07:36:10'),
(203, 1, 1, '1313133', '', '', 0, '2019-10-17 07:36:14'),
(204, 1, 1, '123', '', '', 0, '2019-10-17 07:36:17'),
(205, 1, 1, '13123', '', '', 0, '2019-10-17 07:36:18'),
(206, 1, 1, '312313', '', '', 0, '2019-10-17 07:36:19'),
(207, 1, 1, '1313123', '', '', 0, '2019-10-17 07:36:19'),
(208, 1, 1, '131313', '', '', 0, '2019-10-17 07:36:20'),
(209, 1, 1, '131313', '', '', 0, '2019-10-17 07:36:20'),
(210, 1, 1, '123413123', '', '', 0, '2019-10-17 07:36:21'),
(211, 1, 1, '123412412412', '', '', 0, '2019-10-17 07:36:22'),
(212, 1, 1, '124124232131312', '', '', 0, '2019-10-17 07:36:22'),
(213, 1, 1, '31313123', '', '', 0, '2019-10-17 07:36:23'),
(214, 1, 1, '12313131231', '', '', 0, '2019-10-17 07:36:24'),
(215, 1, 1, '12313123', '', '', 0, '2019-10-17 07:36:24'),
(216, 1, 1, '123131', '', '', 0, '2019-10-17 07:36:25'),
(217, 1, 1, '31313', '', '', 0, '2019-10-17 07:36:25'),
(218, 1, 1, '13', '', '', 0, '2019-10-17 07:36:26'),
(219, 1, 1, '13', '', '', 0, '2019-10-17 07:36:26'),
(220, 1, 1, '13', '', '', 0, '2019-10-17 07:36:27'),
(221, 1, 1, '123', '', '', 0, '2019-10-17 07:36:27'),
(222, 1, 1, '131312', '', '', 0, '2019-10-17 07:36:27'),
(223, 1, 1, '33', '', '', 0, '2019-10-17 07:36:29'),
(224, 1, 1, '99', '', '', 0, '2019-10-17 07:37:27'),
(225, 1, 1, '123', '', '', 0, '2019-10-17 07:37:29'),
(226, 1, 1, '123', '', '', 0, '2019-10-17 07:37:47'),
(227, 1, 1, '123', '', '', 0, '2019-10-17 07:37:48'),
(228, 1, 1, '123', '', '', 0, '2019-10-17 07:37:49'),
(229, 1, 1, '123', '', '', 0, '2019-10-17 07:37:50'),
(230, 1, 1, '123', '', '', 0, '2019-10-17 07:37:50'),
(231, 1, 1, '123', '', '', 0, '2019-10-17 07:37:50'),
(232, 1, 1, '123', '', '', 0, '2019-10-17 07:37:51'),
(233, 1, 1, '123', '', '', 0, '2019-10-17 07:37:52'),
(234, 1, 1, '123', '', '', 0, '2019-10-17 07:37:52'),
(235, 1, 1, '123', '', '', 0, '2019-10-17 07:37:53'),
(236, 1, 1, '123', '', '', 0, '2019-10-17 07:37:53'),
(237, 1, 1, '123', '', '', 0, '2019-10-17 07:37:53'),
(238, 1, 1, '13', '', '', 0, '2019-10-17 07:37:53'),
(239, 1, 1, '123', '', '', 0, '2019-10-17 07:37:54'),
(240, 1, 1, '123', '', '', 0, '2019-10-17 07:37:54'),
(241, 1, 1, '123', '', '', 0, '2019-10-17 07:37:54'),
(242, 1, 1, '123', '', '', 0, '2019-10-17 07:37:54'),
(243, 1, 1, '123', '', '', 0, '2019-10-17 07:37:54'),
(244, 1, 1, '123', '', '', 0, '2019-10-17 07:37:54'),
(245, 1, 1, '123', '', '', 0, '2019-10-17 07:37:55'),
(246, 1, 1, 'n', '', '', 0, '2019-10-17 07:38:09'),
(247, 1, 1, 'n', '', '', 0, '2019-10-17 07:38:12'),
(248, 1, 1, 'kk', '', '', 0, '2019-10-17 07:39:41'),
(249, 1, 1, 'zxc', '', '', 0, '2019-10-17 07:40:27'),
(250, 1, 1, 'zxc', '', '', 0, '2019-10-17 07:40:28'),
(251, 1, 1, 'zxc', '', '', 0, '2019-10-17 07:40:29'),
(252, 1, 1, 'zcx', '', '', 0, '2019-10-17 07:40:29'),
(253, 1, 1, 'zxc', '', '', 0, '2019-10-17 07:40:30'),
(254, 1, 1, 'knkl', '', '', 0, '2019-10-17 07:41:41'),
(255, 1, 1, 'nmn', '', '', 0, '2019-10-17 07:41:44'),
(256, 1, 1, 'mnn,', '', '', 0, '2019-10-17 07:41:45'),
(257, 1, 1, 'nm,n,m,n', '', '', 0, '2019-10-17 07:41:46'),
(258, 1, 1, 'aff', '', '', 0, '2019-10-17 07:42:14'),
(259, 1, 1, 'safsdaf', '', '', 0, '2019-10-17 07:42:16'),
(260, 1, 1, 'zxc', '', '', 0, '2019-10-17 07:42:44'),
(261, 1, 1, 'zxc', '', '', 0, '2019-10-17 07:42:45'),
(262, 1, 1, 'zxc', '', '', 0, '2019-10-17 07:42:45'),
(263, 1, 1, 'zxc', '', '', 0, '2019-10-17 07:42:46'),
(264, 1, 1, 'zxc', '', '', 0, '2019-10-17 07:42:46'),
(265, 1, 1, 'zxc', '', '', 0, '2019-10-17 07:42:47'),
(266, 1, 1, 'zc', '', '', 0, '2019-10-17 07:42:47'),
(267, 1, 1, '2321', '', '', 0, '2019-10-17 07:43:00'),
(268, 1, 1, '123', '', '', 0, '2019-10-17 07:43:00'),
(269, 1, 1, '123123', '', '', 0, '2019-10-17 07:43:01'),
(270, 1, 1, '123123', '', '', 0, '2019-10-17 07:43:01'),
(271, 1, 1, '123123123', '', '', 0, '2019-10-17 07:43:02'),
(272, 1, 1, '123123123', '', '', 0, '2019-10-17 07:43:03'),
(273, 1, 1, 'nn', '', '', 0, '2019-10-17 07:45:46'),
(274, 1, 1, 'jhello', '', '', 0, '2019-10-17 07:51:50'),
(275, 1, 2, 'jhello', '', '', 0, '2019-10-17 07:52:03'),
(276, 1, 1, 'e', '', '', 0, '2019-10-17 07:54:42'),
(277, 1, 2, 'khoe ko', '', '', 0, '2019-10-17 07:54:59'),
(278, 1, 1, 'ko', '', '', 0, '2019-10-17 07:55:10'),
(279, 1, 2, 'chan qua m oi', '', '', 0, '2019-10-17 07:55:34'),
(280, 1, 2, 'sao v', '', '', 0, '2019-10-17 07:55:38'),
(281, 1, 2, 'hello', '', '', 0, '2019-10-17 08:01:30'),
(282, 1, 1, 'anh thuong miu', '', '', 0, '2019-10-17 08:01:40'),
(283, 1, 1, 'hello', '', '', 0, '2019-10-18 05:59:30'),
(284, 1, 2, 'saoo ne', '', '', 0, '2019-10-18 05:59:38'),
(285, 1, 1, 'dang lam gi do', '', '', 0, '2019-10-18 05:59:46'),
(286, 1, 2, ': )))', '', '', 0, '2019-10-18 05:59:52'),
(287, 1, 1, 'hem biet nua', '', '', 0, '2019-10-18 05:59:59'),
(288, 1, 1, 'e', '', '', 0, '2019-10-18 06:00:04'),
(289, 1, 1, ': ))', '', '', 0, '2019-10-18 06:00:10'),
(290, 1, 2, '@@@', '', '', 0, '2019-10-18 06:00:36'),
(291, 1, 2, '1', '', '', 0, '2019-10-18 06:01:09'),
(292, 1, 2, '2', '', '', 0, '2019-10-18 06:01:10'),
(293, 1, 2, '3', '', '', 0, '2019-10-18 06:01:10'),
(294, 1, 2, '4', '', '', 0, '2019-10-18 06:01:11'),
(295, 1, 2, '5', '', '', 0, '2019-10-18 06:01:11'),
(296, 1, 2, '6', '', '', 0, '2019-10-18 06:01:12'),
(297, 1, 2, '7', '', '', 0, '2019-10-18 06:01:13'),
(298, 1, 2, '8', '', '', 0, '2019-10-18 06:01:13'),
(299, 1, 2, '9', '', '', 0, '2019-10-18 06:01:13'),
(300, 1, 2, 'tada', '', '', 0, '2019-10-18 06:01:25'),
(301, 1, 2, 'a ne', '', '', 0, '2019-10-18 06:01:27'),
(302, 1, 1, '', '', '', 0, '2019-10-18 06:44:51'),
(303, 1, 1, '', '', '', 0, '2019-10-18 06:44:55'),
(304, 1, 1, '', '', '', 0, '2019-10-18 06:44:57'),
(305, 1, 1, '^^', '', '', 0, '2019-10-18 06:52:01'),
(306, 1, 1, '@@', '', '', 0, '2019-10-18 06:52:06'),
(307, 1, 1, '311313', '', '', 0, '2019-10-18 07:27:26'),
(308, 1, 1, 'toantan', '', '', 0, '2019-10-18 07:31:34'),
(309, 1, 1, 'sao v', '', '', 0, '2019-10-18 07:36:29'),
(310, 1, 1, '@@', '', '', 0, '2019-10-18 07:36:30'),
(311, 1, 1, 'e', '', '', 0, '2019-10-18 07:36:32'),
(312, 1, 1, 'acsnncncnkalsnckasklasnkvskalnvksanvkl', '', '', 0, '2019-10-18 07:36:34'),
(313, 1, 1, 'cksadvksklvnasklvnklvksavksakvnkvnasdkvkslavaskvnsklnvnslvlv', '', '', 0, '2019-10-18 07:36:37'),
(314, 1, 1, 'ksdnvklavnknvklasnkvnkvnkdnvklankvlnkvnklasnvklanvklnsklvnklsavnkasnvklnsalkvnklasvnl', '', '', 0, '2019-10-18 07:36:40'),
(315, 1, 1, 'vnavnvklanlvnkvnsdvnklvnslkdvnklvvvvvvvvvvvvvvvvvvvvvvvvvvvvvvva', '', '', 0, '2019-10-18 07:36:44'),
(316, 1, 1, 'scsvsvsmkvadkkkk', '', '', 0, '2019-10-18 07:36:57'),
(317, 1, 1, 'skldvsakl', '', 'heohong_001.png', 0, '2019-10-18 07:39:21'),
(318, 1, 1, 'cascc', '', '', 0, '2019-10-18 09:07:45'),
(319, 1, 1, 'cacac', '', '', 0, '2019-10-18 09:07:46'),
(320, 1, 1, 'zmc,', '', '', 0, '2019-10-18 09:22:35'),
(321, 1, 1, 'hello', '', '', 0, '2019-10-18 10:30:00'),
(322, 1, 2, '', '', 'heohong_003.png', 0, '2019-10-18 10:31:06'),
(323, 1, 1, '', '', 'heohong_001.png', 0, '2019-10-18 10:32:30'),
(324, 1, 2, '', '', 'heohong_002.png', 0, '2019-10-18 10:32:54'),
(325, 1, 1, '', '', 'heohong_006.png', 0, '2019-10-18 10:39:44'),
(326, 1, 1, '', '', 'heohong_006.png', 0, '2019-10-18 10:39:48'),
(327, 1, 1, '', '', 'heohong_004.png', 0, '2019-10-18 10:39:49'),
(328, 1, 1, '', '', 'heohong_001.png', 0, '2019-10-18 10:39:52'),
(329, 1, 1, '', '', 'heohong_002.png', 0, '2019-10-18 10:40:53'),
(330, 1, 1, '', '', 'heohong_006.png', 0, '2019-10-18 10:40:59'),
(331, 1, 1, '', '', '', 0, '2019-10-18 10:41:45'),
(332, 1, 1, '', '', '', 0, '2019-10-18 10:41:46'),
(333, 1, 1, '', '', '', 0, '2019-10-18 10:41:47'),
(334, 1, 1, '', '', '', 0, '2019-10-18 10:41:51'),
(335, 1, 1, '', '', '', 0, '2019-10-18 10:41:53'),
(336, 1, 1, '', '', '', 0, '2019-10-18 10:42:00'),
(337, 1, 1, '', '', '', 0, '2019-10-18 10:42:03'),
(338, 1, 1, '', '', '', 0, '2019-10-18 10:42:03'),
(339, 1, 1, '', '', '', 0, '2019-10-18 10:42:06'),
(340, 1, 1, '', '', '', 0, '2019-10-18 10:42:12'),
(341, 1, 1, '', '', '', 0, '2019-10-18 10:42:16'),
(342, 1, 1, '', '', '', 0, '2019-10-18 10:42:16'),
(343, 1, 1, '', '', '', 0, '2019-10-18 10:42:19'),
(344, 1, 1, 'xczcc', '', '', 0, '2019-10-18 10:42:24'),
(345, 1, 1, 'xczcc', '', '', 0, '2019-10-18 10:42:25'),
(346, 1, 1, 'zczczcxc', '', '', 0, '2019-10-18 10:42:30'),
(347, 1, 1, 'zczczcxc', '', '', 0, '2019-10-18 10:42:31'),
(348, 1, 1, 'zxczcxcc', '', '', 0, '2019-10-18 10:42:36'),
(349, 1, 1, 'zxczcxcc', '', '', 0, '2019-10-18 10:42:42'),
(350, 1, 1, 'zxczcxcc', '', '', 0, '2019-10-18 10:42:44'),
(351, 1, 1, 'zxczcxcc', '', '', 0, '2019-10-18 10:42:46'),
(352, 1, 1, 'zxczcxcc', '', '', 0, '2019-10-18 10:42:47'),
(353, 1, 1, 'zxczcxcc', '', '', 0, '2019-10-18 10:42:49'),
(354, 1, 1, '', '', '', 0, '2019-10-18 10:43:17'),
(355, 1, 1, '', '', '', 0, '2019-10-18 10:43:19'),
(356, 1, 1, '', '', '', 0, '2019-10-18 10:43:20'),
(357, 1, 1, '', '', '', 0, '2019-10-18 10:43:21'),
(358, 1, 1, '', '', '', 0, '2019-10-18 10:43:23'),
(359, 1, 1, '', '', '', 0, '2019-10-18 10:43:24'),
(360, 1, 1, '', '', '', 0, '2019-10-18 10:44:21'),
(361, 1, 1, '', '', 'heohong_004.png', 0, '2019-10-18 10:44:41'),
(362, 1, 1, '', '', 'heohong_001.png', 0, '2019-10-18 10:44:42'),
(363, 1, 1, '', '', 'heohong_002.png', 0, '2019-10-18 10:45:08'),
(364, 1, 1, '', '', 'heohong_003.png', 0, '2019-10-18 10:45:12'),
(365, 1, 1, '', '', 'heohong_004.png', 0, '2019-10-18 10:45:18'),
(366, 1, 1, '', '', '', 0, '2019-10-18 10:46:42'),
(367, 1, 1, '', '', '', 0, '2019-10-18 10:46:44'),
(368, 1, 1, '', '', '', 0, '2019-10-18 10:46:45'),
(369, 1, 1, 'huhu', '', '', 0, '2019-10-18 10:46:48'),
(370, 1, 1, '', '', '', 0, '2019-10-18 10:47:13'),
(371, 1, 1, '', '', '', 0, '2019-10-18 10:48:31'),
(372, 1, 1, '', '', 'heohong_004.png', 0, '2019-10-18 10:49:54'),
(373, 1, 1, '', '', 'heohong_001.png', 0, '2019-10-18 10:50:07'),
(374, 1, 1, '', '', 'heohong_004.png', 0, '2019-10-18 10:50:09'),
(375, 1, 1, '', '', 'heohong_006.png', 0, '2019-10-18 10:50:10'),
(376, 1, 1, '', '', 'heohong_003.png', 0, '2019-10-18 10:50:11'),
(377, 1, 1, '', '', 'heohong_002.png', 0, '2019-10-18 10:50:12'),
(378, 1, 1, '', '', 'heohong_001.png', 0, '2019-10-18 10:50:13'),
(379, 1, 1, '', '', 'heohong_004.png', 0, '2019-10-18 10:50:13'),
(380, 1, 2, 'e', '', '', 0, '2019-10-18 10:51:38'),
(381, 1, 2, 'e', '', 'heohong_006.png', 0, '2019-10-18 10:51:41'),
(382, 1, 2, 'e', '', 'heohong_005.png', 0, '2019-10-18 10:51:48'),
(383, 1, 2, 'e chuong', '', '', 0, '2019-10-18 10:55:29'),
(384, 1, 1, 'anh thuong miu', '', '', 0, '2019-10-18 10:55:35'),
(385, 1, 1, 'hello', '', '', 0, '2019-10-18 10:55:45'),
(386, 1, 1, 'toan tinh yeu', '', '', 0, '2019-10-18 10:55:57'),
(387, 1, 1, 'toan tinh yeu', '', 'heohong_004.png', 0, '2019-10-18 10:56:31'),
(388, 1, 2, '', '', 'heohong_006.png', 0, '2019-10-18 10:56:36'),
(389, 1, 1, 'toan tinh yeu', '', 'heohong_005.png', 0, '2019-10-18 10:56:37'),
(390, 1, 1, 'toan tinh yeu', '', 'heohong_001.png', 0, '2019-10-18 10:56:38'),
(391, 1, 1, 'toan tinh yeu', '', 'heohong_001.png', 0, '2019-10-18 10:57:08'),
(392, 1, 1, '', '', 'heohong_005.png', 0, '2019-10-19 08:31:15'),
(393, 1, 2, '', '', 'heohong_004.png', 0, '2019-10-19 08:32:53'),
(394, 1, 2, 'nn', '', 'heohong_004.png', 0, '2019-10-19 08:33:45'),
(395, 1, 2, 'mm', '', 'heohong_004.png', 0, '2019-10-19 08:33:50'),
(396, 1, 1, 'mm', '', '', 0, '2019-10-19 08:34:00'),
(397, 1, 1, 'mm', '', 'heohong_001.png', 0, '2019-10-19 08:34:06'),
(398, 1, 1, 'mm', '', 'heohong_001.png', 0, '2019-10-19 08:34:09'),
(399, 1, 1, '', '', 'heohong_004.png', 0, '2019-10-19 08:37:14'),
(400, 1, 1, 'k', '', '', 0, '2019-10-19 08:37:18'),
(401, 1, 2, '', '', 'heohong_006.png', 0, '2019-10-19 08:37:22'),
(402, 1, 2, 'ppp', '', '', 0, '2019-10-19 08:37:26'),
(403, 1, 2, 'ppp', '', '', 0, '2019-10-19 08:37:34'),
(404, 1, 2, 'kkk', '', '', 0, '2019-10-19 08:37:37'),
(405, 1, 2, 'ppp', '', '', 0, '2019-10-19 08:37:40'),
(406, 1, 2, '999', '', '', 0, '2019-10-19 08:38:54'),
(407, 1, 2, 'mmmm', '', '', 0, '2019-10-19 08:39:02'),
(408, 1, 2, 'nnn', '', '', 0, '2019-10-19 08:39:04'),
(409, 1, 2, '', '', 'heohong_006.png', 0, '2019-10-19 08:47:00');

-- --------------------------------------------------------

--
-- Table structure for table `conversation_users`
--

CREATE TABLE `conversation_users` (
  `conversation_id` int(10) UNSIGNED NOT NULL,
  `user_id_1` int(10) UNSIGNED NOT NULL,
  `user_id_2` int(10) UNSIGNED NOT NULL,
  `seen1` enum('0','1') CHARACTER SET utf8 NOT NULL DEFAULT '0',
  `seen2` enum('0','1') CHARACTER SET utf8 NOT NULL DEFAULT '0'
) ENGINE=InnoDB DEFAULT CHARSET=latin1;

--
-- Dumping data for table `conversation_users`
--

INSERT INTO `conversation_users` (`conversation_id`, `user_id_1`, `user_id_2`, `seen1`, `seen2`) VALUES
(1, 1, 2, '0', '0'),
(3, 2, 3, '0', '0');

-- --------------------------------------------------------

--
-- Table structure for table `daily_activity`
--

CREATE TABLE `daily_activity` (
  `user_id` int(10) UNSIGNED NOT NULL,
  `jan` smallint(6) NOT NULL,
  `feb` smallint(6) NOT NULL,
  `mar` smallint(6) NOT NULL,
  `apr` smallint(6) NOT NULL,
  `may` smallint(6) NOT NULL,
  `jun` smallint(6) NOT NULL,
  `jul` smallint(6) NOT NULL,
  `aug` smallint(6) NOT NULL,
  `sep` smallint(6) NOT NULL,
  `oct` smallint(6) NOT NULL,
  `nov` smallint(6) NOT NULL,
  `dec` smallint(6) NOT NULL
) ENGINE=InnoDB DEFAULT CHARSET=latin1;

--
-- Dumping data for table `daily_activity`
--

INSERT INTO `daily_activity` (`user_id`, `jan`, `feb`, `mar`, `apr`, `may`, `jun`, `jul`, `aug`, `sep`, `oct`, `nov`, `dec`) VALUES
(1, 12, 30, 35, 25, 40, 22, 39, 45, 77, 65, 88, 49);

-- --------------------------------------------------------

--
-- Table structure for table `user_info`
--

CREATE TABLE `user_info` (
  `user_id` int(10) UNSIGNED NOT NULL,
  `username` varchar(30) NOT NULL,
  `password` varchar(20) NOT NULL,
  `fullname` varchar(32) NOT NULL,
  `note` varchar(20) NOT NULL,
  `address` varchar(100) NOT NULL,
  `diamond` varchar(11) NOT NULL,
  `gold` varchar(11) NOT NULL,
  `gender` varchar(2) NOT NULL,
  `phone` varchar(15) NOT NULL,
  `email` varchar(40) NOT NULL,
  `status` varchar(3) NOT NULL,
  `birthday` date NOT NULL,
  `urlAvatar` varchar(64) NOT NULL
) ENGINE=InnoDB DEFAULT CHARSET=latin1;

--
-- Dumping data for table `user_info`
--

INSERT INTO `user_info` (`user_id`, `username`, `password`, `fullname`, `note`, `address`, `diamond`, `gold`, `gender`, `phone`, `email`, `status`, `birthday`, `urlAvatar`) VALUES
(1, 'toantan', '789789', 'Tan Huu Toan', '', 'KTX khu A', '99897878978', '45559', '1', '0912312312', 'nhinhinhi@gmail.com', '000', '1999-07-01', ''),
(2, 'ngocthinh', '123456', 'Ngoc Thinh', '', '', '0', '0', '0', '0', '', '0', '0000-00-00', ''),
(3, 'dinhngocup', '123456', '', '', '', '0', '0', '0', '0', '', '0', '0000-00-00', ''),
(4, 'tangkhanhchuong', '090909', 'TKBBB', '', 'AH2 822', '5000', '1000', '1', '0912388777', 'tangkhanhchuong@gmail.com', '1', '2019-09-04', '');

--
-- Indexes for dumped tables
--

--
-- Indexes for table `conversation`
--
ALTER TABLE `conversation`
  ADD PRIMARY KEY (`conversation_id`),
  ADD KEY `last_message_id` (`last_message_id`);

--
-- Indexes for table `conversation_message`
--
ALTER TABLE `conversation_message`
  ADD PRIMARY KEY (`message_id`),
  ADD KEY `user_id` (`user_id`),
  ADD KEY `conversation_id` (`conversation_id`);

--
-- Indexes for table `conversation_users`
--
ALTER TABLE `conversation_users`
  ADD PRIMARY KEY (`conversation_id`),
  ADD KEY `conversation_id` (`conversation_id`),
  ADD KEY `user_id_1` (`user_id_1`),
  ADD KEY `user_id_2` (`user_id_2`),
  ADD KEY `user_id_2_2` (`user_id_2`);

--
-- Indexes for table `daily_activity`
--
ALTER TABLE `daily_activity`
  ADD PRIMARY KEY (`user_id`),
  ADD UNIQUE KEY `user_id` (`user_id`);

--
-- Indexes for table `user_info`
--
ALTER TABLE `user_info`
  ADD PRIMARY KEY (`user_id`);

--
-- AUTO_INCREMENT for dumped tables
--

--
-- AUTO_INCREMENT for table `conversation`
--
ALTER TABLE `conversation`
  MODIFY `conversation_id` int(10) UNSIGNED NOT NULL AUTO_INCREMENT, AUTO_INCREMENT=4;

--
-- AUTO_INCREMENT for table `conversation_message`
--
ALTER TABLE `conversation_message`
  MODIFY `message_id` int(10) UNSIGNED NOT NULL AUTO_INCREMENT, AUTO_INCREMENT=410;

--
-- AUTO_INCREMENT for table `user_info`
--
ALTER TABLE `user_info`
  MODIFY `user_id` int(10) UNSIGNED NOT NULL AUTO_INCREMENT, AUTO_INCREMENT=5;

--
-- Constraints for dumped tables
--

--
-- Constraints for table `conversation`
--
ALTER TABLE `conversation`
  ADD CONSTRAINT `conversation_ibfk_1` FOREIGN KEY (`last_message_id`) REFERENCES `conversation_message` (`message_id`);

--
-- Constraints for table `conversation_message`
--
ALTER TABLE `conversation_message`
  ADD CONSTRAINT `conversation_message_ibfk_1` FOREIGN KEY (`user_id`) REFERENCES `user_info` (`user_id`),
  ADD CONSTRAINT `conversation_message_ibfk_2` FOREIGN KEY (`conversation_id`) REFERENCES `conversation` (`conversation_id`);

--
-- Constraints for table `conversation_users`
--
ALTER TABLE `conversation_users`
  ADD CONSTRAINT `conversation_users_ibfk_1` FOREIGN KEY (`user_id_1`) REFERENCES `user_info` (`user_id`),
  ADD CONSTRAINT `conversation_users_ibfk_2` FOREIGN KEY (`user_id_2`) REFERENCES `user_info` (`user_id`),
  ADD CONSTRAINT `conversation_users_ibfk_3` FOREIGN KEY (`conversation_id`) REFERENCES `conversation` (`conversation_id`);

--
-- Constraints for table `daily_activity`
--
ALTER TABLE `daily_activity`
  ADD CONSTRAINT `daily_activity_ibfk_1` FOREIGN KEY (`user_id`) REFERENCES `user_info` (`user_id`);
COMMIT;

/*!40101 SET CHARACTER_SET_CLIENT=@OLD_CHARACTER_SET_CLIENT */;
/*!40101 SET CHARACTER_SET_RESULTS=@OLD_CHARACTER_SET_RESULTS */;
/*!40101 SET COLLATION_CONNECTION=@OLD_COLLATION_CONNECTION */;
